{
  "num19": 0.11570000000000003,
  "num18": 0.10343333333333335,
  "num07": 0.05866666666666668,
  "num04": 0.028033333333333365,
  "num24": 0.020033333333333358,
  "num20": 0.013566666666666682,
  "num14": 0.011899999999999999,
  "num01": 0.011866666666666682,
  "num21": 0.010166666666666668,
  "num22": 0.007866666666666666,
  "num16": 0.007566666666666666,
  "num17": 0.006733333333333336,
  "num08": 0.005000000000000016,
  "num13": 0.0023666666666666615,
  "num02": 0.0010333333333333306,
  "num05": 3.333333333336297e-05,
  "num10": 3.333333333331856e-05,
  "cat_region": 0.0,
  "num11": -9.999999999998899e-05,
  "num09": -0.0002666666666666817,
  "cat_payment": -0.00033333333333331885,
  "num15": -0.0003333333333333299,
  "tenure_months": -0.00043333333333333,
  "num06": -0.00046666666666665967,
  "num23": -0.0005999999999999894,
  "num03": -0.0006666666666666488,
  "cat_contract": -0.0008333333333333415,
  "num12": -0.001100000000000012
}