{
  "DummyClassifier": {
    "accuracy": 0.6766666666666666,
    "f1": 0.0,
    "auc": 0.5
  },
  "LogisticRegression": {
    "accuracy": 0.8296666666666667,
    "f1": 0.7146845337800112,
    "auc": 0.8789091463104972
  },
  "DecisionTree": {
    "accuracy": 0.878,
    "f1": 0.8036480686695279,
    "auc": 0.9164562490477883
  },
  "RandomForest": {
    "accuracy": 0.9323333333333333,
    "f1": 0.8899728997289973,
    "auc": 0.969757503427962
  },
  "GradientBoosting": {
    "accuracy": 0.9353333333333333,
    "f1": 0.8961456102783726,
    "auc": 0.9746087044842823
  }
}