{
  "Dataset_1": {
    "method": "KMeans",
    "params": {
      "silhouette": 0.5216395622404243,
      "davies_bouldin": 0.6853295219054456,
      "calinski_harabasz": 11786.954622671532,
      "k": 2,
      "noise_ratio": 0.0
    }
  },
  "Dataset_2": {
    "method": "DBSCAN",
    "params": {
      "silhouette": 0.34554999921850155,
      "davies_bouldin": 0.5509870790351399,
      "calinski_harabasz": 10.405774777673175,
      "eps": 0.7,
      "min_samples": 3,
      "n_clusters": 2,
      "noise_ratio": 0.007125
    }
  },
  "Dataset_3": {
    "method": "KMeans",
    "params": {
      "silhouette": 0.31554470037825183,
      "davies_bouldin": 1.1577256320598661,
      "calinski_harabasz": 6957.162639510167,
      "k": 3,
      "noise_ratio": 0.0
    }
  }
}